#;Mod-Name;Kategorie;Autor(en);Mod;Download;Größe;Beschreibung;Anweisungen;Hinweise;Autor-URL;
01;SeeDRemastered-UI v1.0 (“.zzz” Files);UI;McIndus;https://forums.qhimm.com/index.php?topic=19238.0;http://bit.ly/SeeDRemastered-UI_v1-0;0,05GB;Aktualisiert die Spieloberfläche;"Lade alle gewünschten Mods in einen Ordner auf deinem Computer herunter. Klicke anschließend auf der Registerkarte [""Mod-Manager""] auf {""Mods Importieren""}. Ziehe im Importfenster alle heruntergeladenen Mods per Drag-and-drop hinein oder klicke auf die Schaltfläche {""Dateien Hinzufügen""}, um sie über den Datei-Explorer auszuwählen. Klicke danach auf die Schaltfläche {""Importieren""}. Nachdem der gesamte Importvorgang abgeschlossen ist, prüfe, ob alle von dir hinzugefügten Mods im [""Mod-Manager""] aufgelistet sind, und starte dann das Spiel.";Wenn Sie beide Versionen (Classic und High-Tech) installieren, bleibt nur die zuletzt installierte aktiv. Sie können später wechseln, welche Version aktiv ist, indem Sie die Installationsreihenfolge ändern und erneut installieren.;https://www.youtube.com/@MCINDUS;
02;SeeDRemasteredFont-Tech v1.a (All Languages!);UI;McIndus;https://forums.qhimm.com/index.php?topic=19238.0;https://bit.ly/SeeDFont-Tech_v1-a;0,01GB;Aktualisiert die Schriftart des Spiels;"Lade alle gewünschten Mods in einen Ordner auf deinem Computer herunter. Klicke anschließend auf der Registerkarte [""Mod-Manager""] auf {""Mods Importieren""}. Ziehe im Importfenster alle heruntergeladenen Mods per Drag-and-drop hinein oder klicke auf die Schaltfläche {""Dateien Hinzufügen""}, um sie über den Datei-Explorer auszuwählen. Klicke danach auf die Schaltfläche {""Importieren""}. Nachdem der gesamte Importvorgang abgeschlossen ist, prüfe, ob alle von dir hinzugefügten Mods im [""Mod-Manager""] aufgelistet sind, und starte dann das Spiel.";;https://www.youtube.com/@MCINDUS;
03;Battlefield Pack (Ultima Remastered) v2.0.1;Graphics;McIndus;https://forums.qhimm.com/index.php?topic=19944.0;https://bit.ly/BattlefieldPack_Rem_v2-0-1;2,47GB;Aktualisiert die Texturen der Schlachtfelder;"Lade alle gewünschten Mods in einen Ordner auf deinem Computer herunter. Klicke anschließend auf der Registerkarte [""Mod-Manager""] auf {""Mods Importieren""}. Ziehe im Importfenster alle heruntergeladenen Mods per Drag-and-drop hinein oder klicke auf die Schaltfläche {""Dateien Hinzufügen""}, um sie über den Datei-Explorer auszuwählen. Klicke danach auf die Schaltfläche {""Importieren""}. Nachdem der gesamte Importvorgang abgeschlossen ist, prüfe, ob alle von dir hinzugefügten Mods im [""Mod-Manager""] aufgelistet sind, und starte dann das Spiel.";;https://www.youtube.com/@MCINDUS;
04;HorizonPack: Remastered v1.1.a;Graphics;McIndus;https://forums.qhimm.com/index.php?topic=15859.0;https://bit.ly/HorizonPack-Rem_v1-1-a;0,04GB;Aktualisiert die Texturen der Weltkarte;"Lade alle gewünschten Mods in einen Ordner auf deinem Computer herunter. Klicke anschließend auf der Registerkarte [""Mod-Manager""] auf {""Mods Importieren""}. Ziehe im Importfenster alle heruntergeladenen Mods per Drag-and-drop hinein oder klicke auf die Schaltfläche {""Dateien Hinzufügen""}, um sie über den Datei-Explorer auszuwählen. Klicke danach auf die Schaltfläche {""Importieren""}. Nachdem der gesamte Importvorgang abgeschlossen ist, prüfe, ob alle von dir hinzugefügten Mods im [""Mod-Manager""] aufgelistet sind, und starte dann das Spiel.";;https://www.youtube.com/@MCINDUS;
05;FieldModel Textures v1.0.1;Graphics;McIndus;https://forums.qhimm.com/index.php?topic=20256.msg280890;https://bit.ly/FieldModelTextures_v1-0-1;0,80GB;Aktualisiert die Texturen der 3D-Modelle;"Lade alle gewünschten Mods in einen Ordner auf deinem Computer herunter. Klicke anschließend auf der Registerkarte [""Mod-Manager""] auf {""Mods Importieren""}. Ziehe im Importfenster alle heruntergeladenen Mods per Drag-and-drop hinein oder klicke auf die Schaltfläche {""Dateien Hinzufügen""}, um sie über den Datei-Explorer auszuwählen. Klicke danach auf die Schaltfläche {""Importieren""}. Nachdem der gesamte Importvorgang abgeschlossen ist, prüfe, ob alle von dir hinzugefügten Mods im [""Mod-Manager""] aufgelistet sind, und starte dann das Spiel.";;https://www.youtube.com/@MCINDUS;
06;Rebirth Flame: Vanilla Upscalled v2.0;Graphics;McIndus;https://forums.qhimm.com/index.php?topic=19301.0;http://bit.ly/RF-rem_v2-0-V;0,04GB;Aktualisiert die Texturen der Charaktere;"Lade alle gewünschten Mods in einen Ordner auf deinem Computer herunter. Klicke anschließend auf der Registerkarte [""Mod-Manager""] auf {""Mods Importieren""}. Ziehe im Importfenster alle heruntergeladenen Mods per Drag-and-drop hinein oder klicke auf die Schaltfläche {""Dateien Hinzufügen""}, um sie über den Datei-Explorer auszuwählen. Klicke danach auf die Schaltfläche {""Importieren""}. Nachdem der gesamte Importvorgang abgeschlossen ist, prüfe, ob alle von dir hinzugefügten Mods im [""Mod-Manager""] aufgelistet sind, und starte dann das Spiel.";;https://www.youtube.com/@MCINDUS;
07;LunarCry: Remastered v2.2;Graphics;McIndus;https://forums.qhimm.com/index.php?topic=19273.0;https://bit.ly/LunarCry-Rem-v2-1;0,43GB;Aktualisiert die Texturen der Monster;"Lade alle gewünschten Mods in einen Ordner auf deinem Computer herunter. Klicke anschließend auf der Registerkarte [""Mod-Manager""] auf {""Mods Importieren""}. Ziehe im Importfenster alle heruntergeladenen Mods per Drag-and-drop hinein oder klicke auf die Schaltfläche {""Dateien Hinzufügen""}, um sie über den Datei-Explorer auszuwählen. Klicke danach auf die Schaltfläche {""Importieren""}. Nachdem der gesamte Importvorgang abgeschlossen ist, prüfe, ob alle von dir hinzugefügten Mods im [""Mod-Manager""] aufgelistet sind, und starte dann das Spiel.";;https://www.youtube.com/@MCINDUS;
08;Lionheart Remastered v2.0;Graphics;McIndus;https://forums.qhimm.com/index.php?topic=19272.0;http://bit.ly/LH-rem_v2-0;0,01GB;Aktualisiert die Texturen der Waffen;"Lade alle gewünschten Mods in einen Ordner auf deinem Computer herunter. Klicke anschließend auf der Registerkarte [""Mod-Manager""] auf {""Mods Importieren""}. Ziehe im Importfenster alle heruntergeladenen Mods per Drag-and-drop hinein oder klicke auf die Schaltfläche {""Dateien Hinzufügen""}, um sie über den Datei-Explorer auszuwählen. Klicke danach auf die Schaltfläche {""Importieren""}. Nachdem der gesamte Importvorgang abgeschlossen ist, prüfe, ob alle von dir hinzugefügten Mods im [""Mod-Manager""] aufgelistet sind, und starte dann das Spiel.";;https://www.youtube.com/@MCINDUS;
09;PSX Triad HD Restoration;Graphics;YoRHaNumberless;https://www.nexusmods.com/finalfantasy8remastered/mods/104?tab=description;https://www.nexusmods.com/finalfantasy8remastered/mods/104?tab=files;0,09GB;Aktualisiert die Modelle des Kartenspiels;"Lade alle gewünschten Mods in einen Ordner auf deinem Computer herunter. Klicke anschließend auf der Registerkarte [""Mod-Manager""] auf {""Mods Importieren""}. Ziehe im Importfenster alle heruntergeladenen Mods per Drag-and-drop hinein oder klicke auf die Schaltfläche {""Dateien Hinzufügen""}, um sie über den Datei-Explorer auszuwählen. Klicke danach auf die Schaltfläche {""Importieren""}. Nachdem der gesamte Importvorgang abgeschlossen ist, prüfe, ob alle von dir hinzugefügten Mods im [""Mod-Manager""] aufgelistet sind, und starte dann das Spiel.";;https://www.nexusmods.com/profile/YoRHaNumberless/mods;
10;2K Video Pack 60 FPS;Graphics;UltimateRemaster;https://ultimateremaster.com/4k-video-pack-final-fantasy-viii-remastered/?tab=Gallery#tab-gallery;https://www.nexusmods.com/finalfantasy8remastered/mods/106?tab=files;6,40GB;Aktualisiert die Videos des Spiels. Diese leichtere Version wird für PCs oder Laptops mit 2K- oder kleineren Bildschirmen empfohlen.;"Lade alle gewünschten Mods in einen Ordner auf deinem Computer herunter. Klicke anschließend auf der Registerkarte [""Mod-Manager""] auf {""Mods Importieren""}. Ziehe im Importfenster alle heruntergeladenen Mods per Drag-and-drop hinein oder klicke auf die Schaltfläche {""Dateien Hinzufügen""}, um sie über den Datei-Explorer auszuwählen. Klicke danach auf die Schaltfläche {""Importieren""}. Nachdem der gesamte Importvorgang abgeschlossen ist, prüfe, ob alle von dir hinzugefügten Mods im [""Mod-Manager""] aufgelistet sind, und starte dann das Spiel.";Wenn Sie beide Video-Versionen (2K- und 4K-Paket) installieren, bleibt nur die zuletzt installierte aktiv. Sie können später zwischen ihnen wechseln, indem Sie die Installationsreihenfolge ändern und neu installieren, um zu sehen, welche auf Ihrem System besser läuft.;https://ultimateremaster.com;
11;4K Video Pack 60 FPS;Graphics;UltimateRemaster;https://ultimateremaster.com/4k-video-pack-final-fantasy-viii-remastered/?tab=Gallery#tab-gallery;https://www.nexusmods.com/finalfantasy8remastered/mods/106?tab=files;13,20GB;Aktualisiert die Videos des Spiels. Diese 4K-Version wird für Mittel- und High-End-PCs oder Laptops mit 4K- oder größeren Bildschirmen empfohlen.;"Lade alle gewünschten Mods in einen Ordner auf deinem Computer herunter. Klicke anschließend auf der Registerkarte [""Mod-Manager""] auf {""Mods Importieren""}. Ziehe im Importfenster alle heruntergeladenen Mods per Drag-and-drop hinein oder klicke auf die Schaltfläche {""Dateien Hinzufügen""}, um sie über den Datei-Explorer auszuwählen. Klicke danach auf die Schaltfläche {""Importieren""}. Nachdem der gesamte Importvorgang abgeschlossen ist, prüfe, ob alle von dir hinzugefügten Mods im [""Mod-Manager""] aufgelistet sind, und starte dann das Spiel.";Wenn Sie beide Video-Versionen (2K- und 4K-Paket) installieren, bleibt nur die zuletzt installierte aktiv. Sie können später zwischen ihnen wechseln, indem Sie die Installationsreihenfolge ändern und neu installieren, um zu sehen, welche auf Ihrem System besser läuft.;https://ultimateremaster.com;
12;Classic Portraits HD;UI;UltimateRemaster;https://ultimateremaster.com/classic-portraits-hd-final-fantasy-viii-remastered/#tab-gallery;https://www.nexusmods.com/finalfantasy8remastered/mods/70?tab=files;0,01GB;Aktualisiert die Porträts der Charaktere und G.F.;"Lade alle gewünschten Mods in einen Ordner auf deinem Computer herunter. Klicke anschließend auf der Registerkarte [""Mod-Manager""] auf {""Mods Importieren""}. Ziehe im Importfenster alle heruntergeladenen Mods per Drag-and-drop hinein oder klicke auf die Schaltfläche {""Dateien Hinzufügen""}, um sie über den Datei-Explorer auszuwählen. Klicke danach auf die Schaltfläche {""Importieren""}. Nachdem der gesamte Importvorgang abgeschlossen ist, prüfe, ob alle von dir hinzugefügten Mods im [""Mod-Manager""] aufgelistet sind, und starte dann das Spiel.";;https://ultimateremaster.com;
13;FFVIII Remastered auf Nexus Mods;Various;Various;https://www.nexusmods.com/games/finalfantasy8remastered/mods?sort=downloads;https://www.nexusmods.com/games/finalfantasy8remastered/mods?sort=downloads;Not Specified;Alle FF8 Remastered Mods auf Nexus;Du willst mehr Mods? Auf Nexus Mods findest du viele Inhalte für FF8 Remastered. Wähle dort Mods aus und füge sie hier im Eden Launcher zu deiner Installationsliste hinzu.;Wichtig: Überlappende Mods benötigen eine bestimmte Installationsreihenfolge. Der zuletzt installierte Mod überschreibt widersprüchliche Dateien.;;
