#;Nazwa moda;Kategoria;Autor(zy);Mod;Download;Rozmiar;Opis;Instrukcje;Uwagi;URL autora;
01;SeeDRemastered-UI v1.0 (“.zzz” Files);UI;McIndus;https://forums.qhimm.com/index.php?topic=19238.0;http://bit.ly/SeeDRemastered-UI_v1-0;0,05GB;Aktualizuje interfejs gry;"Pobierz wszystkie wybrane mody do folderu na komputerze. Następnie na karcie [""Menedżer modów""] kliknij {""Importuj Mody""}. W oknie importowania przeciągnij i upuść wszystkie pobrane mody albo kliknij przycisk {""Dodaj Pliki""}, aby wybrać je w Eksploratorze plików. Następnie kliknij przycisk {""Importuj""}. Po zakończeniu całego procesu importowania sprawdź, czy wszystkie dodane mody znajdują się na karcie [""Menedżer modów""], a następnie uruchom grę.";Jeśli zainstalujesz obie wersje (Classic i High‑Tech), aktywna będzie tylko ta zainstalowana jako ostatnia. Później możesz zmienić aktywną wersję, zamieniając kolejność instalacji i ponownie instalując.;https://www.youtube.com/@MCINDUS;
02;SeeDRemasteredFont-Tech v1.a (All Languages!);UI;McIndus;https://forums.qhimm.com/index.php?topic=19238.0;https://bit.ly/SeeDFont-Tech_v1-a;0,01GB;Aktualizuje czcionkę gry;"Pobierz wszystkie wybrane mody do folderu na komputerze. Następnie na karcie [""Menedżer modów""] kliknij {""Importuj Mody""}. W oknie importowania przeciągnij i upuść wszystkie pobrane mody albo kliknij przycisk {""Dodaj Pliki""}, aby wybrać je w Eksploratorze plików. Następnie kliknij przycisk {""Importuj""}. Po zakończeniu całego procesu importowania sprawdź, czy wszystkie dodane mody znajdują się na karcie [""Menedżer modów""], a następnie uruchom grę.";;https://www.youtube.com/@MCINDUS;
03;Battlefield Pack (Ultima Remastered) v2.0.1;Graphics;McIndus;https://forums.qhimm.com/index.php?topic=19944.0;https://bit.ly/BattlefieldPack_Rem_v2-0-1;2,47GB;Aktualizuje tekstury pól bitewnych;"Pobierz wszystkie wybrane mody do folderu na komputerze. Następnie na karcie [""Menedżer modów""] kliknij {""Importuj Mody""}. W oknie importowania przeciągnij i upuść wszystkie pobrane mody albo kliknij przycisk {""Dodaj Pliki""}, aby wybrać je w Eksploratorze plików. Następnie kliknij przycisk {""Importuj""}. Po zakończeniu całego procesu importowania sprawdź, czy wszystkie dodane mody znajdują się na karcie [""Menedżer modów""], a następnie uruchom grę.";;https://www.youtube.com/@MCINDUS;
04;HorizonPack: Remastered v1.1.a;Graphics;McIndus;https://forums.qhimm.com/index.php?topic=15859.0;https://bit.ly/HorizonPack-Rem_v1-1-a;0,04GB;Aktualizuje tekstury mapy świata;"Pobierz wszystkie wybrane mody do folderu na komputerze. Następnie na karcie [""Menedżer modów""] kliknij {""Importuj Mody""}. W oknie importowania przeciągnij i upuść wszystkie pobrane mody albo kliknij przycisk {""Dodaj Pliki""}, aby wybrać je w Eksploratorze plików. Następnie kliknij przycisk {""Importuj""}. Po zakończeniu całego procesu importowania sprawdź, czy wszystkie dodane mody znajdują się na karcie [""Menedżer modów""], a następnie uruchom grę.";;https://www.youtube.com/@MCINDUS;
05;FieldModel Textures v1.0.1;Graphics;McIndus;https://forums.qhimm.com/index.php?topic=20256.msg280890;https://bit.ly/FieldModelTextures_v1-0-1;0,80GB;Aktualizuje tekstury modeli 3D;"Pobierz wszystkie wybrane mody do folderu na komputerze. Następnie na karcie [""Menedżer modów""] kliknij {""Importuj Mody""}. W oknie importowania przeciągnij i upuść wszystkie pobrane mody albo kliknij przycisk {""Dodaj Pliki""}, aby wybrać je w Eksploratorze plików. Następnie kliknij przycisk {""Importuj""}. Po zakończeniu całego procesu importowania sprawdź, czy wszystkie dodane mody znajdują się na karcie [""Menedżer modów""], a następnie uruchom grę.";;https://www.youtube.com/@MCINDUS;
06;Rebirth Flame: Vanilla Upscalled v2.0;Graphics;McIndus;https://forums.qhimm.com/index.php?topic=19301.0;http://bit.ly/RF-rem_v2-0-V;0,04GB;Aktualizuje tekstury postaci;"Pobierz wszystkie wybrane mody do folderu na komputerze. Następnie na karcie [""Menedżer modów""] kliknij {""Importuj Mody""}. W oknie importowania przeciągnij i upuść wszystkie pobrane mody albo kliknij przycisk {""Dodaj Pliki""}, aby wybrać je w Eksploratorze plików. Następnie kliknij przycisk {""Importuj""}. Po zakończeniu całego procesu importowania sprawdź, czy wszystkie dodane mody znajdują się na karcie [""Menedżer modów""], a następnie uruchom grę.";;https://www.youtube.com/@MCINDUS;
07;LunarCry: Remastered v2.2;Graphics;McIndus;https://forums.qhimm.com/index.php?topic=19273.0;https://bit.ly/LunarCry-Rem-v2-1;0,43GB;Aktualizuje tekstury potworów;"Pobierz wszystkie wybrane mody do folderu na komputerze. Następnie na karcie [""Menedżer modów""] kliknij {""Importuj Mody""}. W oknie importowania przeciągnij i upuść wszystkie pobrane mody albo kliknij przycisk {""Dodaj Pliki""}, aby wybrać je w Eksploratorze plików. Następnie kliknij przycisk {""Importuj""}. Po zakończeniu całego procesu importowania sprawdź, czy wszystkie dodane mody znajdują się na karcie [""Menedżer modów""], a następnie uruchom grę.";;https://www.youtube.com/@MCINDUS;
08;Lionheart Remastered v2.0;Graphics;McIndus;https://forums.qhimm.com/index.php?topic=19272.0;http://bit.ly/LH-rem_v2-0;0,01GB;Aktualizuje tekstury broni;"Pobierz wszystkie wybrane mody do folderu na komputerze. Następnie na karcie [""Menedżer modów""] kliknij {""Importuj Mody""}. W oknie importowania przeciągnij i upuść wszystkie pobrane mody albo kliknij przycisk {""Dodaj Pliki""}, aby wybrać je w Eksploratorze plików. Następnie kliknij przycisk {""Importuj""}. Po zakończeniu całego procesu importowania sprawdź, czy wszystkie dodane mody znajdują się na karcie [""Menedżer modów""], a następnie uruchom grę.";;https://www.youtube.com/@MCINDUS;
09;PSX Triad HD Restoration;Graphics;YoRHaNumberless;https://www.nexusmods.com/finalfantasy8remastered/mods/104?tab=description;https://www.nexusmods.com/finalfantasy8remastered/mods/104?tab=files;0,09GB;Aktualizuje modele gry karcianej;"Pobierz wszystkie wybrane mody do folderu na komputerze. Następnie na karcie [""Menedżer modów""] kliknij {""Importuj Mody""}. W oknie importowania przeciągnij i upuść wszystkie pobrane mody albo kliknij przycisk {""Dodaj Pliki""}, aby wybrać je w Eksploratorze plików. Następnie kliknij przycisk {""Importuj""}. Po zakończeniu całego procesu importowania sprawdź, czy wszystkie dodane mody znajdują się na karcie [""Menedżer modów""], a następnie uruchom grę.";;https://www.nexusmods.com/profile/YoRHaNumberless/mods;
10;2K Video Pack 60 FPS;Graphics;UltimateRemaster;https://ultimateremaster.com/4k-video-pack-final-fantasy-viii-remastered/?tab=Gallery#tab-gallery;https://www.nexusmods.com/finalfantasy8remastered/mods/106?tab=files;6,40GB;Aktualizuje filmiki FMV w grze. Ta lżejsza wersja jest gorąco polecana dla PC/laptopów z ekranami 2K lub niższymi.;"Pobierz wszystkie wybrane mody do folderu na komputerze. Następnie na karcie [""Menedżer modów""] kliknij {""Importuj Mody""}. W oknie importowania przeciągnij i upuść wszystkie pobrane mody albo kliknij przycisk {""Dodaj Pliki""}, aby wybrać je w Eksploratorze plików. Następnie kliknij przycisk {""Importuj""}. Po zakończeniu całego procesu importowania sprawdź, czy wszystkie dodane mody znajdują się na karcie [""Menedżer modów""], a następnie uruchom grę.";Jeśli zainstalujesz obie wersje wideo (2K i 4K Video Packs), aktywna będzie tylko ta zainstalowana jako ostatnia. Później możesz przełączać się, zmieniając kolejność instalacji i ponownie instalując, aby sprawdzić, która wersja działa lepiej na twoim systemie.;https://ultimateremaster.com;
11;4K Video Pack 60 FPS;Graphics;UltimateRemaster;https://ultimateremaster.com/4k-video-pack-final-fantasy-viii-remastered/?tab=Gallery#tab-gallery;https://www.nexusmods.com/finalfantasy8remastered/mods/106?tab=files;13,20GB;Aktualizuje filmiki FMV w grze. Ta wersja 4K jest polecana dla średnich i mocnych PC/laptopów z ekranami 4K lub wyższymi.;"Pobierz wszystkie wybrane mody do folderu na komputerze. Następnie na karcie [""Menedżer modów""] kliknij {""Importuj Mody""}. W oknie importowania przeciągnij i upuść wszystkie pobrane mody albo kliknij przycisk {""Dodaj Pliki""}, aby wybrać je w Eksploratorze plików. Następnie kliknij przycisk {""Importuj""}. Po zakończeniu całego procesu importowania sprawdź, czy wszystkie dodane mody znajdują się na karcie [""Menedżer modów""], a następnie uruchom grę.";Jeśli zainstalujesz obie wersje wideo (2K i 4K Video Packs), aktywna będzie tylko ta zainstalowana jako ostatnia. Później możesz przełączać się, zmieniając kolejność instalacji i ponownie instalując, aby sprawdzić, która wersja działa lepiej na twoim systemie.;https://ultimateremaster.com;
12;Classic Portraits HD;UI;UltimateRemaster;https://ultimateremaster.com/classic-portraits-hd-final-fantasy-viii-remastered/#tab-gallery;https://www.nexusmods.com/finalfantasy8remastered/mods/70?tab=files;0,01GB;Aktualizuje portrety postaci i GF;"Pobierz wszystkie wybrane mody do folderu na komputerze. Następnie na karcie [""Menedżer modów""] kliknij {""Importuj Mody""}. W oknie importowania przeciągnij i upuść wszystkie pobrane mody albo kliknij przycisk {""Dodaj Pliki""}, aby wybrać je w Eksploratorze plików. Następnie kliknij przycisk {""Importuj""}. Po zakończeniu całego procesu importowania sprawdź, czy wszystkie dodane mody znajdują się na karcie [""Menedżer modów""], a następnie uruchom grę.";;https://ultimateremaster.com;
13;FFVIII Remastered na Nexus Mods;Various;Various;https://www.nexusmods.com/games/finalfantasy8remastered/mods?sort=downloads;https://www.nexusmods.com/games/finalfantasy8remastered/mods?sort=downloads;Not Specified;Wszystkie mody do FF8 Remastered na Nexus;Chcesz więcej modów? Na Nexus Mods znajdziesz wiele treści do FF8 Remastered. Wybierz tam mody, a następnie dodaj je tutaj do listy instalacji w Eden Launcher.;Ważne: nakładające się mody wymagają określonej kolejności instalacji. Ostatnio zainstalowany mod ma pierwszeństwo dla konfliktujących plików.;;
