#;Mod Name;Category;Author(s);Mod;Download;Size;Description;Instructions;Notes;Author-Url
01;SeeDRemastered-UI v1.0 (“.zzz” Files);UI;McIndus;https://forums.qhimm.com/index.php?topic=19238.0;http://bit.ly/SeeDRemastered-UI_v1-0;0,05GB;Updates the Game Interface;"Download all the mods you want to a folder on your computer. Then, on the [""Mod Manager""] tab, click {""Import Mods""}. In the import window, drag and drop all the mods you downloaded, or click the {""Add Files""} button to select them through File Explorer. Then click the {""Import""} button. Once the entire import process is complete, verify that all the mods you added are listed in the [""Mod Manager""], then launch the game."; If you install both versions (Classic and High-Tech), only the one installed last will be active. You can change which one is active later by swapping their install order and reinstalling.;https://www.youtube.com/@MCINDUS;
02;SeeDRemasteredFont-Tech v1.a (All Languages!);UI;McIndus;https://forums.qhimm.com/index.php?topic=19238.0;https://bit.ly/SeeDFont-Tech_v1-a;0,01GB;Updates the Game Font;"Download all the mods you want to a folder on your computer. Then, on the [""Mod Manager""] tab, click {""Import Mods""}. In the import window, drag and drop all the mods you downloaded, or click the {""Add Files""} button to select them through File Explorer. Then click the {""Import""} button. Once the entire import process is complete, verify that all the mods you added are listed in the [""Mod Manager""], then launch the game.";;https://www.youtube.com/@MCINDUS;
03;Battlefield Pack (Ultima Remastered) v2.0.1;Graphics;McIndus;https://forums.qhimm.com/index.php?topic=19944.0;https://bit.ly/BattlefieldPack_Rem_v2-0-1;2,47GB;Updates the Battlefield Textures;"Download all the mods you want to a folder on your computer. Then, on the [""Mod Manager""] tab, click {""Import Mods""}. In the import window, drag and drop all the mods you downloaded, or click the {""Add Files""} button to select them through File Explorer. Then click the {""Import""} button. Once the entire import process is complete, verify that all the mods you added are listed in the [""Mod Manager""], then launch the game.";;https://www.youtube.com/@MCINDUS;
04;HorizonPack: Remastered v1.1.a;Graphics;McIndus;https://forums.qhimm.com/index.php?topic=15859.0;https://bit.ly/HorizonPack-Rem_v1-1-a;0,04GB;Updates the World Map Textures;"Download all the mods you want to a folder on your computer. Then, on the [""Mod Manager""] tab, click {""Import Mods""}. In the import window, drag and drop all the mods you downloaded, or click the {""Add Files""} button to select them through File Explorer. Then click the {""Import""} button. Once the entire import process is complete, verify that all the mods you added are listed in the [""Mod Manager""], then launch the game.";;https://www.youtube.com/@MCINDUS;
05;FieldModel Textures v1.0.1;Graphics;McIndus;https://forums.qhimm.com/index.php?topic=20256.msg280890;https://bit.ly/FieldModelTextures_v1-0-1;0,80GB;Updates the Textures of 3D Models;"Download all the mods you want to a folder on your computer. Then, on the [""Mod Manager""] tab, click {""Import Mods""}. In the import window, drag and drop all the mods you downloaded, or click the {""Add Files""} button to select them through File Explorer. Then click the {""Import""} button. Once the entire import process is complete, verify that all the mods you added are listed in the [""Mod Manager""], then launch the game.";;https://www.youtube.com/@MCINDUS;
06;Rebirth Flame: Vanilla Upscalled v2.0;Graphics;McIndus;https://forums.qhimm.com/index.php?topic=19301.0;http://bit.ly/RF-rem_v2-0-V;0,04GB;Updates Character Textures;"Download all the mods you want to a folder on your computer. Then, on the [""Mod Manager""] tab, click {""Import Mods""}. In the import window, drag and drop all the mods you downloaded, or click the {""Add Files""} button to select them through File Explorer. Then click the {""Import""} button. Once the entire import process is complete, verify that all the mods you added are listed in the [""Mod Manager""], then launch the game.";;https://www.youtube.com/@MCINDUS;
07;LunarCry: Remastered v2.2;Graphics;McIndus;https://forums.qhimm.com/index.php?topic=19273.0;https://bit.ly/LunarCry-Rem-v2-1;0,43GB;Updates the Textures of the Monsters;"Download all the mods you want to a folder on your computer. Then, on the [""Mod Manager""] tab, click {""Import Mods""}. In the import window, drag and drop all the mods you downloaded, or click the {""Add Files""} button to select them through File Explorer. Then click the {""Import""} button. Once the entire import process is complete, verify that all the mods you added are listed in the [""Mod Manager""], then launch the game.";;https://www.youtube.com/@MCINDUS;
08;Lionheart Remastered v2.0;Graphics;McIndus;https://forums.qhimm.com/index.php?topic=19272.0;http://bit.ly/LH-rem_v2-0;0,01GB;Updates Weapon Textures;"Download all the mods you want to a folder on your computer. Then, on the [""Mod Manager""] tab, click {""Import Mods""}. In the import window, drag and drop all the mods you downloaded, or click the {""Add Files""} button to select them through File Explorer. Then click the {""Import""} button. Once the entire import process is complete, verify that all the mods you added are listed in the [""Mod Manager""], then launch the game.";;https://www.youtube.com/@MCINDUS;
09;Tripod: Remastered v1.1;Graphics;McIndus;https://forums.qhimm.com/index.php?topic=19240.0;http://bit.ly/Tripod-rem_v1-1_DE;0,09GB;Updates the Card Game Models;"Download all the mods you want to a folder on your computer. Then, on the [""Mod Manager""] tab, click {""Import Mods""}. In the import window, drag and drop all the mods you downloaded, or click the {""Add Files""} button to select them through File Explorer. Then click the {""Import""} button. Once the entire import process is complete, verify that all the mods you added are listed in the [""Mod Manager""], then launch the game.";;https://www.youtube.com/@MCINDUS;
10;2K Video Pack 60 FPS;Graphics;UltimateRemaster;https://ultimateremaster.com/4k-video-pack-final-fantasy-viii-remastered/?tab=Gallery#tab-gallery;https://www.nexusmods.com/finalfantasy8remastered/mods/106?tab=files;6,40GB;Updates the Game's FMVs. This lighter version is highly recommended for PCs/Laptops with 2K or lower screens.;"Download all the mods you want to a folder on your computer. Then, on the [""Mod Manager""] tab, click {""Import Mods""}. In the import window, drag and drop all the mods you downloaded, or click the {""Add Files""} button to select them through File Explorer. Then click the {""Import""} button. Once the entire import process is complete, verify that all the mods you added are listed in the [""Mod Manager""], then launch the game.";If you install both video versions (2K and 4K Video Packs), only the one installed last will be active. You can switch between them later by changing their install order and reinstalling to see which one performs better on your system.;https://ultimateremaster.com;
11;4K Video Pack 60 FPS;Graphics;UltimateRemaster;https://ultimateremaster.com/4k-video-pack-final-fantasy-viii-remastered/?tab=Gallery#tab-gallery;https://www.nexusmods.com/finalfantasy8remastered/mods/106?tab=files;13,20GB;Updates the Game's FMVs. This 4K Version is recommended for mid-range and high-end PCs/Laptops with 4K or higher screens.;"Download all the mods you want to a folder on your computer. Then, on the [""Mod Manager""] tab, click {""Import Mods""}. In the import window, drag and drop all the mods you downloaded, or click the {""Add Files""} button to select them through File Explorer. Then click the {""Import""} button. Once the entire import process is complete, verify that all the mods you added are listed in the [""Mod Manager""], then launch the game.";If you install both video versions (2K and 4K Video Packs), only the one installed last will be active. You can switch between them later by changing their install order and reinstalling to see which one performs better on your system.;https://ultimateremaster.com;
12;Classic Portraits HD;UI;UltimateRemaster;https://ultimateremaster.com/classic-portraits-hd-final-fantasy-viii-remastered/#tab-gallery;https://www.nexusmods.com/finalfantasy8remastered/mods/70?tab=files;0,01GB;Updates Characters and GFs Portraits;"Download all the mods you want to a folder on your computer. Then, on the [""Mod Manager""] tab, click {""Import Mods""}. In the import window, drag and drop all the mods you downloaded, or click the {""Add Files""} button to select them through File Explorer. Then click the {""Import""} button. Once the entire import process is complete, verify that all the mods you added are listed in the [""Mod Manager""], then launch the game.";;https://ultimateremaster.com;
13;FFVIII Remastered on Nexus Mods;Various;Various;https://www.nexusmods.com/games/finalfantasy8remastered/mods?sort=downloads;https://www.nexusmods.com/games/finalfantasy8remastered/mods?sort=downloads;Not Specified;All FF8 Remastered mods on Nexus;Want more mods? At Nexus Mods, you'll find a wide variety of content for the game. Explore what interests you, download your favorites, and add them to your installation list here in the Eden Launcher.;Important! Overlapping mods require a specific installation order. Keep in mind that the last mod installed takes precedence over any conflicting files.;;
