#;模组名称;类别;作者;Mod;Download;大小;描述;安装说明;备注;作者URL;
01;SeeDRemastered-UI v1.0 (“.zzz” Files);UI;McIndus;https://forums.qhimm.com/index.php?topic=19238.0;http://bit.ly/SeeDRemastered-UI_v1-0;0,05GB;更新游戏界面;"将所有想要的模组下载到电脑上的一个文件夹中。然后在[""模组管理器""]选项卡中点击{""导入模组""}。在导入窗口中拖放所有已下载的模组，或点击{""添加文件""}按钮，通过文件资源管理器选择它们。然后点击{""导入""}按钮。整个导入过程完成后，请确认您添加的所有模组都显示在[""模组管理器""]中，然后启动游戏。";如果同时安装两个版本（Classic 和 High-Tech），只有最后安装的那个会生效。之后你可以通过交换安装顺序并重新安装来切换生效版本。;https://www.youtube.com/@MCINDUS;
02;SeeDRemasteredFont-Tech v1.a (All Languages!);UI;McIndus;https://forums.qhimm.com/index.php?topic=19238.0;https://bit.ly/SeeDFont-Tech_v1-a;0,01GB;更新游戏字体;"将所有想要的模组下载到电脑上的一个文件夹中。然后在[""模组管理器""]选项卡中点击{""导入模组""}。在导入窗口中拖放所有已下载的模组，或点击{""添加文件""}按钮，通过文件资源管理器选择它们。然后点击{""导入""}按钮。整个导入过程完成后，请确认您添加的所有模组都显示在[""模组管理器""]中，然后启动游戏。";;https://www.youtube.com/@MCINDUS;
03;Battlefield Pack (Ultima Remastered) v2.0.1;Graphics;McIndus;https://forums.qhimm.com/index.php?topic=19944.0;https://bit.ly/BattlefieldPack_Rem_v2-0-1;2,47GB;更新战斗场景贴图;"将所有想要的模组下载到电脑上的一个文件夹中。然后在[""模组管理器""]选项卡中点击{""导入模组""}。在导入窗口中拖放所有已下载的模组，或点击{""添加文件""}按钮，通过文件资源管理器选择它们。然后点击{""导入""}按钮。整个导入过程完成后，请确认您添加的所有模组都显示在[""模组管理器""]中，然后启动游戏。";;https://www.youtube.com/@MCINDUS;
04;HorizonPack: Remastered v1.1.a;Graphics;McIndus;https://forums.qhimm.com/index.php?topic=15859.0;https://bit.ly/HorizonPack-Rem_v1-1-a;0,04GB;更新世界地图贴图;"将所有想要的模组下载到电脑上的一个文件夹中。然后在[""模组管理器""]选项卡中点击{""导入模组""}。在导入窗口中拖放所有已下载的模组，或点击{""添加文件""}按钮，通过文件资源管理器选择它们。然后点击{""导入""}按钮。整个导入过程完成后，请确认您添加的所有模组都显示在[""模组管理器""]中，然后启动游戏。";;https://www.youtube.com/@MCINDUS;
05;FieldModel Textures v1.0.1;Graphics;McIndus;https://forums.qhimm.com/index.php?topic=20256.msg280890;https://bit.ly/FieldModelTextures_v1-0-1;0,80GB;更新3D模型贴图;"将所有想要的模组下载到电脑上的一个文件夹中。然后在[""模组管理器""]选项卡中点击{""导入模组""}。在导入窗口中拖放所有已下载的模组，或点击{""添加文件""}按钮，通过文件资源管理器选择它们。然后点击{""导入""}按钮。整个导入过程完成后，请确认您添加的所有模组都显示在[""模组管理器""]中，然后启动游戏。";;https://www.youtube.com/@MCINDUS;
06;Rebirth Flame: Vanilla Upscalled v2.0;Graphics;McIndus;https://forums.qhimm.com/index.php?topic=19301.0;http://bit.ly/RF-rem_v2-0-V;0,04GB;更新角色贴图;"将所有想要的模组下载到电脑上的一个文件夹中。然后在[""模组管理器""]选项卡中点击{""导入模组""}。在导入窗口中拖放所有已下载的模组，或点击{""添加文件""}按钮，通过文件资源管理器选择它们。然后点击{""导入""}按钮。整个导入过程完成后，请确认您添加的所有模组都显示在[""模组管理器""]中，然后启动游戏。";;https://www.youtube.com/@MCINDUS;
07;LunarCry: Remastered v2.2;Graphics;McIndus;https://forums.qhimm.com/index.php?topic=19273.0;https://bit.ly/LunarCry-Rem-v2-1;0,43GB;更新怪物贴图;"将所有想要的模组下载到电脑上的一个文件夹中。然后在[""模组管理器""]选项卡中点击{""导入模组""}。在导入窗口中拖放所有已下载的模组，或点击{""添加文件""}按钮，通过文件资源管理器选择它们。然后点击{""导入""}按钮。整个导入过程完成后，请确认您添加的所有模组都显示在[""模组管理器""]中，然后启动游戏。";;https://www.youtube.com/@MCINDUS;
08;Lionheart Remastered v2.0;Graphics;McIndus;https://forums.qhimm.com/index.php?topic=19272.0;http://bit.ly/LH-rem_v2-0;0,01GB;更新武器贴图;"将所有想要的模组下载到电脑上的一个文件夹中。然后在[""模组管理器""]选项卡中点击{""导入模组""}。在导入窗口中拖放所有已下载的模组，或点击{""添加文件""}按钮，通过文件资源管理器选择它们。然后点击{""导入""}按钮。整个导入过程完成后，请确认您添加的所有模组都显示在[""模组管理器""]中，然后启动游戏。";;https://www.youtube.com/@MCINDUS;
09;PSX Triad HD Restoration;Graphics;YoRHaNumberless;https://www.nexusmods.com/finalfantasy8remastered/mods/104?tab=description;https://www.nexusmods.com/finalfantasy8remastered/mods/104?tab=files;0,09GB;更新卡牌游戏模型;"将所有想要的模组下载到电脑上的一个文件夹中。然后在[""模组管理器""]选项卡中点击{""导入模组""}。在导入窗口中拖放所有已下载的模组，或点击{""添加文件""}按钮，通过文件资源管理器选择它们。然后点击{""导入""}按钮。整个导入过程完成后，请确认您添加的所有模组都显示在[""模组管理器""]中，然后启动游戏。";;https://www.nexusmods.com/profile/YoRHaNumberless/mods;
10;2K Video Pack 60 FPS;Graphics;UltimateRemaster;https://ultimateremaster.com/4k-video-pack-final-fantasy-viii-remastered/?tab=Gallery#tab-gallery;https://www.nexusmods.com/finalfantasy8remastered/mods/106?tab=files;6,40GB;更新游戏FMV。此轻量版强烈推荐用于2K或更低分辨率屏幕的PC/笔记本。;"将所有想要的模组下载到电脑上的一个文件夹中。然后在[""模组管理器""]选项卡中点击{""导入模组""}。在导入窗口中拖放所有已下载的模组，或点击{""添加文件""}按钮，通过文件资源管理器选择它们。然后点击{""导入""}按钮。整个导入过程完成后，请确认您添加的所有模组都显示在[""模组管理器""]中，然后启动游戏。";如果同时安装两个视频版本（2K 和 4K Video Packs），只有最后安装的那个会生效。之后你可以通过调整安装顺序并重新安装，在你的系统上对比哪一个表现更好来进行切换。;https://ultimateremaster.com;
11;4K Video Pack 60 FPS;Graphics;UltimateRemaster;https://ultimateremaster.com/4k-video-pack-final-fantasy-viii-remastered/?tab=Gallery#tab-gallery;https://www.nexusmods.com/finalfantasy8remastered/mods/106?tab=files;13,20GB;更新游戏FMV。此4K版本推荐用于配备4K或更高分辨率屏幕的中高端PC/笔记本。;"将所有想要的模组下载到电脑上的一个文件夹中。然后在[""模组管理器""]选项卡中点击{""导入模组""}。在导入窗口中拖放所有已下载的模组，或点击{""添加文件""}按钮，通过文件资源管理器选择它们。然后点击{""导入""}按钮。整个导入过程完成后，请确认您添加的所有模组都显示在[""模组管理器""]中，然后启动游戏。";如果同时安装两个视频版本（2K 和 4K Video Packs），只有最后安装的那个会生效。之后你可以通过调整安装顺序并重新安装，在你的系统上对比哪一个表现更好来进行切换。;https://ultimateremaster.com;
12;Classic Portraits HD;UI;UltimateRemaster;https://ultimateremaster.com/classic-portraits-hd-final-fantasy-viii-remastered/#tab-gallery;https://www.nexusmods.com/finalfantasy8remastered/mods/70?tab=files;0,01GB;更新角色与GF头像;"将所有想要的模组下载到电脑上的一个文件夹中。然后在[""模组管理器""]选项卡中点击{""导入模组""}。在导入窗口中拖放所有已下载的模组，或点击{""添加文件""}按钮，通过文件资源管理器选择它们。然后点击{""导入""}按钮。整个导入过程完成后，请确认您添加的所有模组都显示在[""模组管理器""]中，然后启动游戏。";;https://ultimateremaster.com;
13;Nexus Mods 上的 FFVIII Remastered;Various;Various;https://www.nexusmods.com/games/finalfantasy8remastered/mods?sort=downloads;https://www.nexusmods.com/games/finalfantasy8remastered/mods?sort=downloads;Not Specified;Nexus 上的全部 FF8 Remastered 模组;想要更多模组？在 Nexus Mods 上你可以找到大量 FF8 Remastered 的内容。先在 Nexus 选择模组，然后在 Eden Launcher 里把它们添加到安装列表。;重要：有覆盖/冲突的模组需要特定安装顺序。最后安装的模组会优先覆盖冲突文件。;;
