#;Nome do Mod;Categoria;Autor(es);Mod;Download;Tamanho;Descrição;Instruções;Notas;URL do Autor;
01;SeeDRemastered-UI v1.0 (“.zzz” Files);UI;McIndus;https://forums.qhimm.com/index.php?topic=19238.0;http://bit.ly/SeeDRemastered-UI_v1-0;0,05GB;Atualiza a interface do jogo;"Faça o download de todos os mods que deseja em uma pasta no seu computador. Em seguida, na aba [""Gerenciador de Mods""] clique em {""Importar Mods""}. Na janela de importação, arraste e solte todos os mods que você baixou, ou clique no botão {""Adicionar Arquivos""} para selecioná-los através do Explorer. Depois clique no botão {""Importar""}. Após a conclusão de todo o processo de importação, verifique se todos os mods que você adicionou foram listados no [""Gerenciador de Mods""] e, então, abra o jogo."; Se você instalar ambas as versões (Clássica e High-Tech), apenas a última instalada ficará ativa. Você pode alterar qual delas estará ativa posteriormente, invertendo a ordem de instalação e aplicando as mudanças.;https://www.youtube.com/@MCINDUS;
02;SeeDRemasteredFont-Tech v1.a (All Languages!);UI;McIndus;https://forums.qhimm.com/index.php?topic=19238.0;https://bit.ly/SeeDFont-Tech_v1-a;0,01GB;Atualiza a fonte do jogo;"Faça o download de todos os mods que deseja em uma pasta no seu computador. Em seguida, na aba [""Gerenciador de Mods""] clique em {""Importar Mods""}. Na janela de importação, arraste e solte todos os mods que você baixou, ou clique no botão {""Adicionar Arquivos""} para selecioná-los através do Explorer. Depois clique no botão {""Importar""}. Após a conclusão de todo o processo de importação, verifique se todos os mods que você adicionou foram listados no [""Gerenciador de Mods""] e, então, abra o jogo.";;https://www.youtube.com/@MCINDUS;
03;Battlefield Pack (Ultima Remastered) v2.0.1;Graphics;McIndus;https://forums.qhimm.com/index.php?topic=19944.0;https://bit.ly/BattlefieldPack_Rem_v2-0-1;2,47GB;Atualiza as texturas dos cenários de batalha;"Faça o download de todos os mods que deseja em uma pasta no seu computador. Em seguida, na aba [""Gerenciador de Mods""] clique em {""Importar Mods""}. Na janela de importação, arraste e solte todos os mods que você baixou, ou clique no botão {""Adicionar Arquivos""} para selecioná-los através do Explorer. Depois clique no botão {""Importar""}. Após a conclusão de todo o processo de importação, verifique se todos os mods que você adicionou foram listados no [""Gerenciador de Mods""] e, então, abra o jogo.";;https://www.youtube.com/@MCINDUS;
04;HorizonPack: Remastered v1.1.a;Graphics;McIndus;https://forums.qhimm.com/index.php?topic=15859.0;https://bit.ly/HorizonPack-Rem_v1-1-a;0,04GB;Atualiza as texturas do mapa-mundo;"Faça o download de todos os mods que deseja em uma pasta no seu computador. Em seguida, na aba [""Gerenciador de Mods""] clique em {""Importar Mods""}. Na janela de importação, arraste e solte todos os mods que você baixou, ou clique no botão {""Adicionar Arquivos""} para selecioná-los através do Explorer. Depois clique no botão {""Importar""}. Após a conclusão de todo o processo de importação, verifique se todos os mods que você adicionou foram listados no [""Gerenciador de Mods""] e, então, abra o jogo.";;https://www.youtube.com/@MCINDUS;
05;FieldModel Textures v1.0.1;Graphics;McIndus;https://forums.qhimm.com/index.php?topic=20256.msg280890;https://bit.ly/FieldModelTextures_v1-0-1;0,80GB;Atualiza as texturas dos modelos 3D;"Faça o download de todos os mods que deseja em uma pasta no seu computador. Em seguida, na aba [""Gerenciador de Mods""] clique em {""Importar Mods""}. Na janela de importação, arraste e solte todos os mods que você baixou, ou clique no botão {""Adicionar Arquivos""} para selecioná-los através do Explorer. Depois clique no botão {""Importar""}. Após a conclusão de todo o processo de importação, verifique se todos os mods que você adicionou foram listados no [""Gerenciador de Mods""] e, então, abra o jogo.";;https://www.youtube.com/@MCINDUS;
06;Rebirth Flame: Vanilla Upscalled v2.0;Graphics;McIndus;https://forums.qhimm.com/index.php?topic=19301.0;http://bit.ly/RF-rem_v2-0-V;0,04GB;Atualiza as texturas dos personagens;"Faça o download de todos os mods que deseja em uma pasta no seu computador. Em seguida, na aba [""Gerenciador de Mods""] clique em {""Importar Mods""}. Na janela de importação, arraste e solte todos os mods que você baixou, ou clique no botão {""Adicionar Arquivos""} para selecioná-los através do Explorer. Depois clique no botão {""Importar""}. Após a conclusão de todo o processo de importação, verifique se todos os mods que você adicionou foram listados no [""Gerenciador de Mods""] e, então, abra o jogo.";;https://www.youtube.com/@MCINDUS;
07;LunarCry: Remastered v2.2;Graphics;McIndus;https://forums.qhimm.com/index.php?topic=19273.0;https://bit.ly/LunarCry-Rem-v2-1;0,43GB;Atualiza as texturas dos monstros;"Faça o download de todos os mods que deseja em uma pasta no seu computador. Em seguida, na aba [""Gerenciador de Mods""] clique em {""Importar Mods""}. Na janela de importação, arraste e solte todos os mods que você baixou, ou clique no botão {""Adicionar Arquivos""} para selecioná-los através do Explorer. Depois clique no botão {""Importar""}. Após a conclusão de todo o processo de importação, verifique se todos os mods que você adicionou foram listados no [""Gerenciador de Mods""] e, então, abra o jogo.";;https://www.youtube.com/@MCINDUS;
08;Lionheart Remastered v2.0;Graphics;McIndus;https://forums.qhimm.com/index.php?topic=19272.0;http://bit.ly/LH-rem_v2-0;0,01GB;Atualiza as texturas das armas;"Faça o download de todos os mods que deseja em uma pasta no seu computador. Em seguida, na aba [""Gerenciador de Mods""] clique em {""Importar Mods""}. Na janela de importação, arraste e solte todos os mods que você baixou, ou clique no botão {""Adicionar Arquivos""} para selecioná-los através do Explorer. Depois clique no botão {""Importar""}. Após a conclusão de todo o processo de importação, verifique se todos os mods que você adicionou foram listados no [""Gerenciador de Mods""] e, então, abra o jogo.";;https://www.youtube.com/@MCINDUS;
09;PSX Triad HD Restoration;Graphics;YoRHaNumberless;https://www.nexusmods.com/finalfantasy8remastered/mods/104?tab=description;https://www.nexusmods.com/finalfantasy8remastered/mods/104?tab=files;0,09GB;Atualiza os modelos do jogo de cartas;"Faça o download de todos os mods que deseja em uma pasta no seu computador. Em seguida, na aba [""Gerenciador de Mods""] clique em {""Importar Mods""}. Na janela de importação, arraste e solte todos os mods que você baixou, ou clique no botão {""Adicionar Arquivos""} para selecioná-los através do Explorer. Depois clique no botão {""Importar""}. Após a conclusão de todo o processo de importação, verifique se todos os mods que você adicionou foram listados no [""Gerenciador de Mods""] e, então, abra o jogo.";;https://www.nexusmods.com/profile/YoRHaNumberless/mods;
10;2K Video Pack 60 FPS;Graphics;UltimateRemaster;https://ultimateremaster.com/4k-video-pack-final-fantasy-viii-remastered/?tab=Gallery#tab-gallery;https://www.nexusmods.com/finalfantasy8remastered/mods/106?tab=files;6,40GB;Atualiza os vídeos FMV do jogo. Esta versão mais leve é ​​altamente recomendada para PCs/laptops com telas 2K ou inferiores;"Faça o download de todos os mods que deseja em uma pasta no seu computador. Em seguida, na aba [""Gerenciador de Mods""] clique em {""Importar Mods""}. Na janela de importação, arraste e solte todos os mods que você baixou, ou clique no botão {""Adicionar Arquivos""} para selecioná-los através do Explorer. Depois clique no botão {""Importar""}. Após a conclusão de todo o processo de importação, verifique se todos os mods que você adicionou foram listados no [""Gerenciador de Mods""] e, então, abra o jogo.";Se você instalar ambos os pacotes de vídeo (2K / 4K), apenas o último instalado ficará ativo. Você poderá alternar entre as versões posteriormente, alterando a ordem de instalação e aplicando a nova configuração para verificar qual versão apresenta melhor desempenho no seu sistema.;https://ultimateremaster.com;
11;4K Video Pack 60 FPS;Graphics;UltimateRemaster;https://ultimateremaster.com/4k-video-pack-final-fantasy-viii-remastered/?tab=Gallery#tab-gallery;https://www.nexusmods.com/finalfantasy8remastered/mods/106?tab=files;13,20GB;Atualiza os vídeos FMV do jogo. Esta versão 4K é recomendada para PCs/laptops de gama média e alta com telas 4K ou superiores.;"Faça o download de todos os mods que deseja em uma pasta no seu computador. Em seguida, na aba [""Gerenciador de Mods""] clique em {""Importar Mods""}. Na janela de importação, arraste e solte todos os mods que você baixou, ou clique no botão {""Adicionar Arquivos""} para selecioná-los através do Explorer. Depois clique no botão {""Importar""}. Após a conclusão de todo o processo de importação, verifique se todos os mods que você adicionou foram listados no [""Gerenciador de Mods""] e, então, abra o jogo.";Se você instalar ambos os pacotes de vídeo (2K / 4K), apenas o último instalado ficará ativo. Você poderá alternar entre as versões posteriormente, alterando a ordem de instalação e aplicando a nova configuração para verificar qual versão apresenta melhor desempenho no seu sistema.;https://ultimateremaster.com;
12;Classic Portraits HD;UI;UltimateRemaster;https://ultimateremaster.com/classic-portraits-hd-final-fantasy-viii-remastered/#tab-gallery;https://www.nexusmods.com/finalfantasy8remastered/mods/70?tab=files;0,01GB;Atualiza os retratos dos personagens e das GFs;"Faça o download de todos os mods que deseja em uma pasta no seu computador. Em seguida, na aba [""Gerenciador de Mods""] clique em {""Importar Mods""}. Na janela de importação, arraste e solte todos os mods que você baixou, ou clique no botão {""Adicionar Arquivos""} para selecioná-los através do Explorer. Depois clique no botão {""Importar""}. Após a conclusão de todo o processo de importação, verifique se todos os mods que você adicionou foram listados no [""Gerenciador de Mods""] e, então, abra o jogo.";;https://ultimateremaster.com;
13;FFVIII Remastered na Nexus Mods;Various;Various;https://www.nexusmods.com/games/finalfantasy8remastered/mods?sort=downloads;https://www.nexusmods.com/games/finalfantasy8remastered/mods?sort=downloads;Not Specified;Todos os mods de FF8 Remastered na Nexus;Quer mais mods? Na Nexus Mods você encontra uma grande variedade de conteúdo para FF8 Remastered. Escolha os mods por lá e adicione aqui na sua lista de instalação no Eden Launcher.;Importante: mods que se sobrepõem exigem uma ordem de instalação específica. O último mod instalado tem prioridade sobre arquivos em conflito.;;
