#;Название мода;Категория;Автор(ы);Mod;Download;Размер;Описание;Инструкция;Примечания;URL автора;
01;SeeDRemastered-UI v1.0 (“.zzz” Files);UI;McIndus;https://forums.qhimm.com/index.php?topic=19238.0;http://bit.ly/SeeDRemastered-UI_v1-0;0,05GB;Обновляет интерфейс игры;"Скачайте все нужные моды в отдельную папку на компьютере. Затем на вкладке [""Менеджер модов""] нажмите {""Импортировать Моды""}. В окне импорта перетащите все скачанные моды или нажмите кнопку {""Добавить Файлы""}, чтобы выбрать их через Проводник. После этого нажмите кнопку {""Импортировать""}. После завершения всего процесса импорта убедитесь, что все добавленные вами моды отображаются на вкладке [""Менеджер модов""], а затем запустите игру.";Если установить обе версии (Classic и High‑Tech), активной будет только та, что установлена последней. Позже можно сменить активную версию, поменяв порядок установки и переустановив.;https://www.youtube.com/@MCINDUS;
02;SeeDRemasteredFont-Tech v1.a (All Languages!);UI;McIndus;https://forums.qhimm.com/index.php?topic=19238.0;https://bit.ly/SeeDFont-Tech_v1-a;0,01GB;Обновляет шрифт игры;"Скачайте все нужные моды в отдельную папку на компьютере. Затем на вкладке [""Менеджер модов""] нажмите {""Импортировать Моды""}. В окне импорта перетащите все скачанные моды или нажмите кнопку {""Добавить Файлы""}, чтобы выбрать их через Проводник. После этого нажмите кнопку {""Импортировать""}. После завершения всего процесса импорта убедитесь, что все добавленные вами моды отображаются на вкладке [""Менеджер модов""], а затем запустите игру.";;https://www.youtube.com/@MCINDUS;
03;Battlefield Pack (Ultima Remastered) v2.0.1;Graphics;McIndus;https://forums.qhimm.com/index.php?topic=19944.0;https://bit.ly/BattlefieldPack_Rem_v2-0-1;2,47GB;Обновляет текстуры боевых локаций;"Скачайте все нужные моды в отдельную папку на компьютере. Затем на вкладке [""Менеджер модов""] нажмите {""Импортировать Моды""}. В окне импорта перетащите все скачанные моды или нажмите кнопку {""Добавить Файлы""}, чтобы выбрать их через Проводник. После этого нажмите кнопку {""Импортировать""}. После завершения всего процесса импорта убедитесь, что все добавленные вами моды отображаются на вкладке [""Менеджер модов""], а затем запустите игру.";;https://www.youtube.com/@MCINDUS;
04;HorizonPack: Remastered v1.1.a;Graphics;McIndus;https://forums.qhimm.com/index.php?topic=15859.0;https://bit.ly/HorizonPack-Rem_v1-1-a;0,04GB;Обновляет текстуры карты мира;"Скачайте все нужные моды в отдельную папку на компьютере. Затем на вкладке [""Менеджер модов""] нажмите {""Импортировать Моды""}. В окне импорта перетащите все скачанные моды или нажмите кнопку {""Добавить Файлы""}, чтобы выбрать их через Проводник. После этого нажмите кнопку {""Импортировать""}. После завершения всего процесса импорта убедитесь, что все добавленные вами моды отображаются на вкладке [""Менеджер модов""], а затем запустите игру.";;https://www.youtube.com/@MCINDUS;
05;FieldModel Textures v1.0.1;Graphics;McIndus;https://forums.qhimm.com/index.php?topic=20256.msg280890;https://bit.ly/FieldModelTextures_v1-0-1;0,80GB;Обновляет текстуры 3D‑моделей;"Скачайте все нужные моды в отдельную папку на компьютере. Затем на вкладке [""Менеджер модов""] нажмите {""Импортировать Моды""}. В окне импорта перетащите все скачанные моды или нажмите кнопку {""Добавить Файлы""}, чтобы выбрать их через Проводник. После этого нажмите кнопку {""Импортировать""}. После завершения всего процесса импорта убедитесь, что все добавленные вами моды отображаются на вкладке [""Менеджер модов""], а затем запустите игру.";;https://www.youtube.com/@MCINDUS;
06;Rebirth Flame: Vanilla Upscalled v2.0;Graphics;McIndus;https://forums.qhimm.com/index.php?topic=19301.0;http://bit.ly/RF-rem_v2-0-V;0,04GB;Обновляет текстуры персонажей;"Скачайте все нужные моды в отдельную папку на компьютере. Затем на вкладке [""Менеджер модов""] нажмите {""Импортировать Моды""}. В окне импорта перетащите все скачанные моды или нажмите кнопку {""Добавить Файлы""}, чтобы выбрать их через Проводник. После этого нажмите кнопку {""Импортировать""}. После завершения всего процесса импорта убедитесь, что все добавленные вами моды отображаются на вкладке [""Менеджер модов""], а затем запустите игру.";;https://www.youtube.com/@MCINDUS;
07;LunarCry: Remastered v2.2;Graphics;McIndus;https://forums.qhimm.com/index.php?topic=19273.0;https://bit.ly/LunarCry-Rem-v2-1;0,43GB;Обновляет текстуры монстров;"Скачайте все нужные моды в отдельную папку на компьютере. Затем на вкладке [""Менеджер модов""] нажмите {""Импортировать Моды""}. В окне импорта перетащите все скачанные моды или нажмите кнопку {""Добавить Файлы""}, чтобы выбрать их через Проводник. После этого нажмите кнопку {""Импортировать""}. После завершения всего процесса импорта убедитесь, что все добавленные вами моды отображаются на вкладке [""Менеджер модов""], а затем запустите игру.";;https://www.youtube.com/@MCINDUS;
08;Lionheart Remastered v2.0;Graphics;McIndus;https://forums.qhimm.com/index.php?topic=19272.0;http://bit.ly/LH-rem_v2-0;0,01GB;Обновляет текстуры оружия;"Скачайте все нужные моды в отдельную папку на компьютере. Затем на вкладке [""Менеджер модов""] нажмите {""Импортировать Моды""}. В окне импорта перетащите все скачанные моды или нажмите кнопку {""Добавить Файлы""}, чтобы выбрать их через Проводник. После этого нажмите кнопку {""Импортировать""}. После завершения всего процесса импорта убедитесь, что все добавленные вами моды отображаются на вкладке [""Менеджер модов""], а затем запустите игру.";;https://www.youtube.com/@MCINDUS;
09;Tripod: Remastered v1.1;Graphics;McIndus;https://forums.qhimm.com/index.php?topic=19240.0;http://bit.ly/Tripod-rem_v1-1_DE;0,09GB;Обновляет модели карточной игры;"Скачайте все нужные моды в отдельную папку на компьютере. Затем на вкладке [""Менеджер модов""] нажмите {""Импортировать Моды""}. В окне импорта перетащите все скачанные моды или нажмите кнопку {""Добавить Файлы""}, чтобы выбрать их через Проводник. После этого нажмите кнопку {""Импортировать""}. После завершения всего процесса импорта убедитесь, что все добавленные вами моды отображаются на вкладке [""Менеджер модов""], а затем запустите игру.";;https://www.youtube.com/@MCINDUS;
10;2K Video Pack 60 FPS;Graphics;UltimateRemaster;https://ultimateremaster.com/4k-video-pack-final-fantasy-viii-remastered/?tab=Gallery#tab-gallery;https://www.nexusmods.com/finalfantasy8remastered/mods/106?tab=files;6,40GB;Обновляет FMV‑ролики игры. Эта облегчённая версия настоятельно рекомендуется для ПК/ноутбуков с экранами 2K и ниже.;"Скачайте все нужные моды в отдельную папку на компьютере. Затем на вкладке [""Менеджер модов""] нажмите {""Импортировать Моды""}. В окне импорта перетащите все скачанные моды или нажмите кнопку {""Добавить Файлы""}, чтобы выбрать их через Проводник. После этого нажмите кнопку {""Импортировать""}. После завершения всего процесса импорта убедитесь, что все добавленные вами моды отображаются на вкладке [""Менеджер модов""], а затем запустите игру.";Если установить обе версии видео (2K и 4K Video Packs), активной будет только та, что установлена последней. Позже можно переключаться, меняя порядок установки и переустанавливая, чтобы понять, какая версия лучше работает на вашей системе.;https://ultimateremaster.com;
11;4K Video Pack 60 FPS;Graphics;UltimateRemaster;https://ultimateremaster.com/4k-video-pack-final-fantasy-viii-remastered/?tab=Gallery#tab-gallery;https://www.nexusmods.com/finalfantasy8remastered/mods/106?tab=files;13,20GB;Обновляет FMV‑ролики игры. Эта 4K‑версия рекомендуется для средних и мощных ПК/ноутбуков с экранами 4K и выше.;"Скачайте все нужные моды в отдельную папку на компьютере. Затем на вкладке [""Менеджер модов""] нажмите {""Импортировать Моды""}. В окне импорта перетащите все скачанные моды или нажмите кнопку {""Добавить Файлы""}, чтобы выбрать их через Проводник. После этого нажмите кнопку {""Импортировать""}. После завершения всего процесса импорта убедитесь, что все добавленные вами моды отображаются на вкладке [""Менеджер модов""], а затем запустите игру.";Если установить обе версии видео (2K и 4K Video Packs), активной будет только та, что установлена последней. Позже можно переключаться, меняя порядок установки и переустанавливая, чтобы понять, какая версия лучше работает на вашей системе.;https://ultimateremaster.com;
12;Classic Portraits HD;UI;UltimateRemaster;https://ultimateremaster.com/classic-portraits-hd-final-fantasy-viii-remastered/#tab-gallery;https://www.nexusmods.com/finalfantasy8remastered/mods/70?tab=files;0,01GB;Обновляет портреты персонажей и GF;"Скачайте все нужные моды в отдельную папку на компьютере. Затем на вкладке [""Менеджер модов""] нажмите {""Импортировать Моды""}. В окне импорта перетащите все скачанные моды или нажмите кнопку {""Добавить Файлы""}, чтобы выбрать их через Проводник. После этого нажмите кнопку {""Импортировать""}. После завершения всего процесса импорта убедитесь, что все добавленные вами моды отображаются на вкладке [""Менеджер модов""], а затем запустите игру.";;https://ultimateremaster.com;
13;FFVIII Remastered на Nexus Mods;Various;Various;https://www.nexusmods.com/games/finalfantasy8remastered/mods?sort=downloads;https://www.nexusmods.com/games/finalfantasy8remastered/mods?sort=downloads;Not Specified;Все моды для FF8 Remastered на Nexus;Хотите больше модов? На Nexus Mods есть множество материалов для FF8 Remastered. Выберите моды там и добавьте их здесь в список установки в Eden Launcher.;Важно: пересекающиеся моды требуют определённого порядка установки. Последний установленный мод имеет приоритет для конфликтующих файлов.;;
