#;Nome del mod;Categoria;Autore/i;Mod;Download;Dimensione;Descrizione;Istruzioni;Note;URL autore;
01;SeeDRemastered-UI v1.0 (“.zzz” Files);UI;McIndus;https://forums.qhimm.com/index.php?topic=19238.0;http://bit.ly/SeeDRemastered-UI_v1-0;0,05GB;Aggiorna l’interfaccia di gioco;"Scarica tutti i mod che desideri in una cartella sul tuo computer. Quindi, nella scheda [""Gestore Mod""], fai clic su {""Importa Mod""}. Nella finestra di importazione, trascina e rilascia tutti i mod scaricati oppure fai clic sul pulsante {""Aggiungi File""} per selezionarli tramite Esplora file. Quindi fai clic sul pulsante {""Importa""}. Tornato nella scheda [""Gestore Mod""], fai clic sul pulsante {""Organizza Automaticamente""} e poi su {""Installa Mod / Applica Modifiche""}.";Se installi entrambe le versioni (Classica e High-Tech), solo l’ultima installata rimarrà attiva. Puoi cambiare quale versione è attiva in seguito modificando l’ordine di installazione e reinstallando.;https://www.youtube.com/@MCINDUS;
02;SeeDRemasteredFont-Tech v1.a (All Languages!);UI;McIndus;https://forums.qhimm.com/index.php?topic=19238.0;https://bit.ly/SeeDFont-Tech_v1-a;0,01GB;Aggiorna il carattere del gioco;"Scarica tutti i mod che desideri in una cartella sul tuo computer. Quindi, nella scheda [""Gestore Mod""], fai clic su {""Importa Mod""}. Nella finestra di importazione, trascina e rilascia tutti i mod scaricati oppure fai clic sul pulsante {""Aggiungi File""} per selezionarli tramite Esplora file. Quindi fai clic sul pulsante {""Importa""}. Tornato nella scheda [""Gestore Mod""], fai clic sul pulsante {""Organizza Automaticamente""} e poi su {""Installa Mod / Applica Modifiche""}.";;https://www.youtube.com/@MCINDUS;
03;Battlefield Pack (Ultima Remastered) v2.0.1;Graphics;McIndus;https://forums.qhimm.com/index.php?topic=19944.0;https://bit.ly/BattlefieldPack_Rem_v2-0-1;2,47GB;Aggiorna le texture dei campi di battaglia;"Scarica tutti i mod che desideri in una cartella sul tuo computer. Quindi, nella scheda [""Gestore Mod""], fai clic su {""Importa Mod""}. Nella finestra di importazione, trascina e rilascia tutti i mod scaricati oppure fai clic sul pulsante {""Aggiungi File""} per selezionarli tramite Esplora file. Quindi fai clic sul pulsante {""Importa""}. Tornato nella scheda [""Gestore Mod""], fai clic sul pulsante {""Organizza Automaticamente""} e poi su {""Installa Mod / Applica Modifiche""}.";;https://www.youtube.com/@MCINDUS;
04;HorizonPack: Remastered v1.1.a;Graphics;McIndus;https://forums.qhimm.com/index.php?topic=15859.0;https://bit.ly/HorizonPack-Rem_v1-1-a;0,04GB;Aggiorna le texture della mappa mondiale;"Scarica tutti i mod che desideri in una cartella sul tuo computer. Quindi, nella scheda [""Gestore Mod""], fai clic su {""Importa Mod""}. Nella finestra di importazione, trascina e rilascia tutti i mod scaricati oppure fai clic sul pulsante {""Aggiungi File""} per selezionarli tramite Esplora file. Quindi fai clic sul pulsante {""Importa""}. Tornato nella scheda [""Gestore Mod""], fai clic sul pulsante {""Organizza Automaticamente""} e poi su {""Installa Mod / Applica Modifiche""}.";;https://www.youtube.com/@MCINDUS;
05;FieldModel Textures v1.0.1;Graphics;McIndus;https://forums.qhimm.com/index.php?topic=20256.msg280890;https://bit.ly/FieldModelTextures_v1-0-1;0,8GB;Aggiorna le texture dei modelli 3D;"Scarica tutti i mod che desideri in una cartella sul tuo computer. Quindi, nella scheda [""Gestore Mod""], fai clic su {""Importa Mod""}. Nella finestra di importazione, trascina e rilascia tutti i mod scaricati oppure fai clic sul pulsante {""Aggiungi File""} per selezionarli tramite Esplora file. Quindi fai clic sul pulsante {""Importa""}. Tornato nella scheda [""Gestore Mod""], fai clic sul pulsante {""Organizza Automaticamente""} e poi su {""Installa Mod / Applica Modifiche""}.";;https://www.youtube.com/@MCINDUS;
06;Rebirth Flame: Vanilla Upscalled v2.0;Graphics;McIndus;https://forums.qhimm.com/index.php?topic=19301.0;http://bit.ly/RF-rem_v2-0-V;0,04GB;Aggiorna le texture dei personaggi;"Scarica tutti i mod che desideri in una cartella sul tuo computer. Quindi, nella scheda [""Gestore Mod""], fai clic su {""Importa Mod""}. Nella finestra di importazione, trascina e rilascia tutti i mod scaricati oppure fai clic sul pulsante {""Aggiungi File""} per selezionarli tramite Esplora file. Quindi fai clic sul pulsante {""Importa""}. Tornato nella scheda [""Gestore Mod""], fai clic sul pulsante {""Organizza Automaticamente""} e poi su {""Installa Mod / Applica Modifiche""}.";;https://www.youtube.com/@MCINDUS;
07;LunarCry: Remastered v2.2;Graphics;McIndus;https://forums.qhimm.com/index.php?topic=19273.0;https://bit.ly/LunarCry-Rem-v2-1;0,43GB;Aggiorna le texture dei mostri;"Scarica tutti i mod che desideri in una cartella sul tuo computer. Quindi, nella scheda [""Gestore Mod""], fai clic su {""Importa Mod""}. Nella finestra di importazione, trascina e rilascia tutti i mod scaricati oppure fai clic sul pulsante {""Aggiungi File""} per selezionarli tramite Esplora file. Quindi fai clic sul pulsante {""Importa""}. Tornato nella scheda [""Gestore Mod""], fai clic sul pulsante {""Organizza Automaticamente""} e poi su {""Installa Mod / Applica Modifiche""}.";;https://www.youtube.com/@MCINDUS;
08;Lionheart Remastered v2.0;Graphics;McIndus;https://forums.qhimm.com/index.php?topic=19272.0;http://bit.ly/LH-rem_v2-0;0,01GB;Aggiorna le texture delle armi;"Scarica tutti i mod che desideri in una cartella sul tuo computer. Quindi, nella scheda [""Gestore Mod""], fai clic su {""Importa Mod""}. Nella finestra di importazione, trascina e rilascia tutti i mod scaricati oppure fai clic sul pulsante {""Aggiungi File""} per selezionarli tramite Esplora file. Quindi fai clic sul pulsante {""Importa""}. Tornato nella scheda [""Gestore Mod""], fai clic sul pulsante {""Organizza Automaticamente""} e poi su {""Installa Mod / Applica Modifiche""}.";;https://www.youtube.com/@MCINDUS;
09;Tripod: Remastered v1.1;Graphics;McIndus;https://forums.qhimm.com/index.php?topic=19240.0;http://bit.ly/Tripod-rem_v1-1_DE;0,09GB;Aggiorna i modelli del gioco di carte;"Scarica tutti i mod che desideri in una cartella sul tuo computer. Quindi, nella scheda [""Gestore Mod""], fai clic su {""Importa Mod""}. Nella finestra di importazione, trascina e rilascia tutti i mod scaricati oppure fai clic sul pulsante {""Aggiungi File""} per selezionarli tramite Esplora file. Quindi fai clic sul pulsante {""Importa""}. Tornato nella scheda [""Gestore Mod""], fai clic sul pulsante {""Organizza Automaticamente""} e poi su {""Installa Mod / Applica Modifiche""}.";;https://www.youtube.com/@MCINDUS;
10;2k Video Pack;Graphics;UltimateRemaster;https://ultimateremaster.com/4k-video-pack-final-fantasy-viii-remastered/?tab=Gallery#tab-gallery;https://www.nexusmods.com/finalfantasy8remastered/mods/106?tab=files;6,3GB;Aggiorna i filmati del gioco. Questa versione leggera è altamente consigliata per PC o laptop con schermi 2K o inferiori.;"Scarica tutti i mod che desideri in una cartella sul tuo computer. Quindi, nella scheda [""Gestore Mod""], fai clic su {""Importa Mod""}. Nella finestra di importazione, trascina e rilascia tutti i mod scaricati oppure fai clic sul pulsante {""Aggiungi File""} per selezionarli tramite Esplora file. Quindi fai clic sul pulsante {""Importa""}. Tornato nella scheda [""Gestore Mod""], fai clic sul pulsante {""Organizza Automaticamente""} e poi su {""Installa Mod / Applica Modifiche""}.";Se installi entrambe le versioni video (pacchetti 2K e 4K), solo l’ultima installata rimarrà attiva. Puoi passare da una all’altra in seguito modificando l’ordine di installazione e reinstallando per vedere quale funziona meglio sul tuo sistema.;https://ultimateremaster.com;
11;4k Video Pack;Graphics;UltimateRemaster;https://ultimateremaster.com/4k-video-pack-final-fantasy-viii-remastered/?tab=Gallery#tab-gallery;https://www.nexusmods.com/finalfantasy8remastered/mods/106?tab=files;10,5GB;Aggiorna i filmati del gioco. Questa versione 4K è consigliata per PC o laptop di fascia media e alta con schermi 4K o superiori.;"Scarica tutti i mod che desideri in una cartella sul tuo computer. Quindi, nella scheda [""Gestore Mod""], fai clic su {""Importa Mod""}. Nella finestra di importazione, trascina e rilascia tutti i mod scaricati oppure fai clic sul pulsante {""Aggiungi File""} per selezionarli tramite Esplora file. Quindi fai clic sul pulsante {""Importa""}. Tornato nella scheda [""Gestore Mod""], fai clic sul pulsante {""Organizza Automaticamente""} e poi su {""Installa Mod / Applica Modifiche""}.";Se installi entrambe le versioni video (pacchetti 2K e 4K), solo l’ultima installata rimarrà attiva. Puoi passare da una all’altra in seguito modificando l’ordine di installazione e reinstallando per vedere quale funziona meglio sul tuo sistema.;https://ultimateremaster.com;
12;Classic Portraits HD;UI;UltimateRemaster;https://ultimateremaster.com/classic-portraits-hd-final-fantasy-viii-remastered/#tab-gallery;https://www.nexusmods.com/finalfantasy8remastered/mods/70?tab=files;0,01GB;Aggiorna i ritratti dei personaggi e delle G.F.;"Scarica tutti i mod che desideri in una cartella sul tuo computer. Quindi, nella scheda [""Gestore Mod""], fai clic su {""Importa Mod""}. Nella finestra di importazione, trascina e rilascia tutti i mod scaricati oppure fai clic sul pulsante {""Aggiungi File""} per selezionarli tramite Esplora file. Quindi fai clic sul pulsante {""Importa""}. Tornato nella scheda [""Gestore Mod""], fai clic sul pulsante {""Organizza Automaticamente""} e poi su {""Installa Mod / Applica Modifiche""}.";;https://ultimateremaster.com;
13;FFVIII Remastered su Nexus Mods;Various;Various;https://www.nexusmods.com/games/finalfantasy8remastered/mods?sort=downloads;https://www.nexusmods.com/games/finalfantasy8remastered/mods?sort=downloads;Not Specified;Tutte le mod di FF8 Remastered su Nexus;Vuoi più mod? Su Nexus Mods trovi una grande varietà di contenuti per FF8 Remastered. Scegli le mod lì e aggiungile qui alla tua lista di installazione in Eden Launcher.;Importante: le mod che si sovrappongono richiedono un ordine di installazione specifico. L’ultima mod installata ha la precedenza sui file in conflitto.;;
