#;Nombre del mod;Categoría;Autor(es);Mod;Download;Tamaño;Descripción;Instrucciones;Notas;URL del autor;
01;SeeDRemastered-UI v1.0 (“.zzz” Files);UI;McIndus;https://forums.qhimm.com/index.php?topic=19238.0;http://bit.ly/SeeDRemastered-UI_v1-0;0,05GB;Actualiza la interfaz del juego;Descarga todos los mods que quieras en una carpeta de tu ordenador. A continuación, en la pestaña [Administrador de Mods], haz clic en {Importar Mods}. En la ventana de importación, haz clic en el botón {Añadir Archivos}. Selecciona y añade todos los mods que hayas descargado y, después, haz clic en el botón {Importar}. De vuelta en la pestaña [Administrador de Mods], haz clic en {Organizar Automáticamente} y, a continuación, en {INSTALAR MODS / APLICAR CAMBIOS}.;Si instalas ambas versiones (Clásica y High-Tech), solo la última instalada quedará activa. Puedes cambiar cuál queda activa más tarde cambiando el orden de instalación y reinstalando.;https://www.youtube.com/@MCINDUS;
02;SeeDRemasteredFont-Tech v1.a (All Languages!);UI;McIndus;https://forums.qhimm.com/index.php?topic=19238.0;https://bit.ly/SeeDFont-Tech_v1-a;0,01GB;Actualiza la fuente del juego;Descarga todos los mods que quieras en una carpeta de tu ordenador. A continuación, en la pestaña [Administrador de Mods], haz clic en {Importar Mods}. En la ventana de importación, haz clic en el botón {Añadir Archivos}. Selecciona y añade todos los mods que hayas descargado y, después, haz clic en el botón {Importar}. De vuelta en la pestaña [Administrador de Mods], haz clic en {Organizar Automáticamente} y, a continuación, en {INSTALAR MODS / APLICAR CAMBIOS}.;;https://www.youtube.com/@MCINDUS;
03;Battlefield Pack (Ultima Remastered) v2.0.1;Graphics;McIndus;https://forums.qhimm.com/index.php?topic=19944.0;https://bit.ly/BattlefieldPack_Rem_v2-0-1;2,47GB;Actualiza las texturas de los campos de batalla;Descarga todos los mods que quieras en una carpeta de tu ordenador. A continuación, en la pestaña [Administrador de Mods], haz clic en {Importar Mods}. En la ventana de importación, haz clic en el botón {Añadir Archivos}. Selecciona y añade todos los mods que hayas descargado y, después, haz clic en el botón {Importar}. De vuelta en la pestaña [Administrador de Mods], haz clic en {Organizar Automáticamente} y, a continuación, en {INSTALAR MODS / APLICAR CAMBIOS}.;;https://www.youtube.com/@MCINDUS;
04;HorizonPack: Remastered v1.1.a;Graphics;McIndus;https://forums.qhimm.com/index.php?topic=15859.0;https://bit.ly/HorizonPack-Rem_v1-1-a;0,04GB;Actualiza las texturas del mapa mundial;Descarga todos los mods que quieras en una carpeta de tu ordenador. A continuación, en la pestaña [Administrador de Mods], haz clic en {Importar Mods}. En la ventana de importación, haz clic en el botón {Añadir Archivos}. Selecciona y añade todos los mods que hayas descargado y, después, haz clic en el botón {Importar}. De vuelta en la pestaña [Administrador de Mods], haz clic en {Organizar Automáticamente} y, a continuación, en {INSTALAR MODS / APLICAR CAMBIOS}.;;https://www.youtube.com/@MCINDUS;
05;FieldModel Textures v1.0.1;Graphics;McIndus;https://forums.qhimm.com/index.php?topic=20256.msg280890;https://bit.ly/FieldModelTextures_v1-0-1;0,8GB;Actualiza las texturas de los modelos 3D;Descarga todos los mods que quieras en una carpeta de tu ordenador. A continuación, en la pestaña [Administrador de Mods], haz clic en {Importar Mods}. En la ventana de importación, haz clic en el botón {Añadir Archivos}. Selecciona y añade todos los mods que hayas descargado y, después, haz clic en el botón {Importar}. De vuelta en la pestaña [Administrador de Mods], haz clic en {Organizar Automáticamente} y, a continuación, en {INSTALAR MODS / APLICAR CAMBIOS}.;;https://www.youtube.com/@MCINDUS;
06;Rebirth Flame: Vanilla Upscalled v2.0;Graphics;McIndus;https://forums.qhimm.com/index.php?topic=19301.0;http://bit.ly/RF-rem_v2-0-V;0,04GB;Actualiza las texturas de los personajes;Descarga todos los mods que quieras en una carpeta de tu ordenador. A continuación, en la pestaña [Administrador de Mods], haz clic en {Importar Mods}. En la ventana de importación, haz clic en el botón {Añadir Archivos}. Selecciona y añade todos los mods que hayas descargado y, después, haz clic en el botón {Importar}. De vuelta en la pestaña [Administrador de Mods], haz clic en {Organizar Automáticamente} y, a continuación, en {INSTALAR MODS / APLICAR CAMBIOS}.;;https://www.youtube.com/@MCINDUS;
07;LunarCry: Remastered v2.2;Graphics;McIndus;https://forums.qhimm.com/index.php?topic=19273.0;https://bit.ly/LunarCry-Rem-v2-1;0,43GB;Actualiza las texturas de los monstruos;Descarga todos los mods que quieras en una carpeta de tu ordenador. A continuación, en la pestaña [Administrador de Mods], haz clic en {Importar Mods}. En la ventana de importación, haz clic en el botón {Añadir Archivos}. Selecciona y añade todos los mods que hayas descargado y, después, haz clic en el botón {Importar}. De vuelta en la pestaña [Administrador de Mods], haz clic en {Organizar Automáticamente} y, a continuación, en {INSTALAR MODS / APLICAR CAMBIOS}.;;https://www.youtube.com/@MCINDUS;
08;Lionheart Remastered v2.0;Graphics;McIndus;https://forums.qhimm.com/index.php?topic=19272.0;http://bit.ly/LH-rem_v2-0;0,01GB;Actualiza las texturas de las armas;Descarga todos los mods que quieras en una carpeta de tu ordenador. A continuación, en la pestaña [Administrador de Mods], haz clic en {Importar Mods}. En la ventana de importación, haz clic en el botón {Añadir Archivos}. Selecciona y añade todos los mods que hayas descargado y, después, haz clic en el botón {Importar}. De vuelta en la pestaña [Administrador de Mods], haz clic en {Organizar Automáticamente} y, a continuación, en {INSTALAR MODS / APLICAR CAMBIOS}.;;https://www.youtube.com/@MCINDUS;
09;Tripod: Remastered v1.1;Graphics;McIndus;https://forums.qhimm.com/index.php?topic=19240.0;http://bit.ly/Tripod-rem_v1-1_DE;0,09GB;Actualiza los modelos del minijuego de cartas;Descarga todos los mods que quieras en una carpeta de tu ordenador. A continuación, en la pestaña [Administrador de Mods], haz clic en {Importar Mods}. En la ventana de importación, haz clic en el botón {Añadir Archivos}. Selecciona y añade todos los mods que hayas descargado y, después, haz clic en el botón {Importar}. De vuelta en la pestaña [Administrador de Mods], haz clic en {Organizar Automáticamente} y, a continuación, en {INSTALAR MODS / APLICAR CAMBIOS}.;;https://www.youtube.com/@MCINDUS;
10;2k Video Pack;Graphics;UltimateRemaster;https://ultimateremaster.com/4k-video-pack-final-fantasy-viii-remastered/?tab=Gallery#tab-gallery;https://www.nexusmods.com/finalfantasy8remastered/mods/106?tab=files;6,3GB;Actualiza los vídeos del juego. Esta versión ligera es muy recomendable para PC o portátiles con pantallas 2K o inferiores.;Descarga todos los mods que quieras en una carpeta de tu ordenador. A continuación, en la pestaña [Administrador de Mods], haz clic en {Importar Mods}. En la ventana de importación, haz clic en el botón {Añadir Archivos}. Selecciona y añade todos los mods que hayas descargado y, después, haz clic en el botón {Importar}. De vuelta en la pestaña [Administrador de Mods], haz clic en {Organizar Automáticamente} y, a continuación, en {INSTALAR MODS / APLICAR CAMBIOS}.;Si instalas las dos versiones de vídeo (paquetes 2K y 4K), solo la última instalada quedará activa. Puedes alternar entre ellas más tarde cambiando el orden de instalación y reinstalando para ver cuál funciona mejor en tu sistema.;https://ultimateremaster.com;
11;4k Video Pack;Graphics;UltimateRemaster;https://ultimateremaster.com/4k-video-pack-final-fantasy-viii-remastered/?tab=Gallery#tab-gallery;https://www.nexusmods.com/finalfantasy8remastered/mods/106?tab=files;10,5GB;Actualiza los vídeos del juego. Esta versión 4K es recomendable para PC o portátiles de gama media o alta con pantallas 4K o superiores.;Descarga todos los mods que quieras en una carpeta de tu ordenador. A continuación, en la pestaña [Administrador de Mods], haz clic en {Importar Mods}. En la ventana de importación, haz clic en el botón {Añadir Archivos}. Selecciona y añade todos los mods que hayas descargado y, después, haz clic en el botón {Importar}. De vuelta en la pestaña [Administrador de Mods], haz clic en {Organizar Automáticamente} y, a continuación, en {INSTALAR MODS / APLICAR CAMBIOS}.;Si instalas las dos versiones de vídeo (paquetes 2K y 4K), solo la última instalada quedará activa. Puedes alternar entre ellas más tarde cambiando el orden de instalación y reinstalando para ver cuál funciona mejor en tu sistema.;https://ultimateremaster.com;
12;Classic Portraits HD;UI;UltimateRemaster;https://ultimateremaster.com/classic-portraits-hd-final-fantasy-viii-remastered/#tab-gallery;https://www.nexusmods.com/finalfantasy8remastered/mods/70?tab=files;0,01GB;Actualiza los retratos de personajes y G.F.;Descarga todos los mods que quieras en una carpeta de tu ordenador. A continuación, en la pestaña [Administrador de Mods], haz clic en {Importar Mods}. En la ventana de importación, haz clic en el botón {Añadir Archivos}. Selecciona y añade todos los mods que hayas descargado y, después, haz clic en el botón {Importar}. De vuelta en la pestaña [Administrador de Mods], haz clic en {Organizar Automáticamente} y, a continuación, en {INSTALAR MODS / APLICAR CAMBIOS}.;;https://ultimateremaster.com;
13;FFVIII Remastered en Nexus Mods;Various;Various;https://www.nexusmods.com/games/finalfantasy8remastered/mods?sort=downloads;https://www.nexusmods.com/games/finalfantasy8remastered/mods?sort=downloads;Not Specified;Todos los mods de FF8 Remastered en Nexus;¿Quieres más mods? En Nexus Mods encontrarás una gran variedad de contenido para FF8 Remastered. Elige los mods allí y añádelos aquí a tu lista de instalación en Eden Launcher.;Importante: los mods que se solapan requieren un orden de instalación específico. El último mod instalado tiene prioridad sobre archivos en conflicto.;;
